Level of Difficulty,Scientific Domain,Model,Rater ID,Originality,Metaphoricity,Validity,Relevance to main metaphorical concept,Coherence of sub metaphorical concepts,Willingness to adopt,Inspirational effect
Elementary,Biology,gpt-3-0-vanila,E5,5,5,4,5,5,O,O
Elementary,Biology,gpt-3-0-vanila,E5,1,1,1,1,1,X,X
Elementary,Biology,gpt-3-0-vanila,E5,1,1,1,1,1,X,X
Elementary,Biology,gpt-3-0-vanila,E5,5,5,4,5,5,O,O
Elementary,Biology,gpt-3-0-vanila,E5,1,1,1,0,0,X,X
Intermediate,Biology,gpt-3-0-vanila,E5,1,1,1,1,1,X,X
Intermediate,Biology,gpt-3-0-vanila,E5,1,1,1,1,1,X,X
Intermediate,Biology,gpt-3-0-vanila,E5,1,1,1,1,1,X,X
Intermediate,Biology,gpt-3-0-vanila,E5,1,1,1,1,1,X,X
Intermediate,Biology,gpt-3-0-vanila,E5,1,1,1,1,1,X,X
Advanced,Biology,gpt-3-0-vanila,E5,3,4,1,4,3,X,X
Advanced,Biology,gpt-3-0-vanila,E5,1,1,1,1,1,X,X
Advanced,Biology,gpt-3-0-vanila,E5,1,1,1,0,0,X,X
Advanced,Biology,gpt-3-0-vanila,E5,1,1,1,1,1,X,X
Advanced,Biology,gpt-3-0-vanila,E5,1,1,1,1,1,X,X
Elementary,Chemistry,gpt-3-0-vanila,E5,5,5,5,5,0,O,O
Elementary,Chemistry,gpt-3-0-vanila,E5,5,5,5,5,0,O,O
Elementary,Chemistry,gpt-3-0-vanila,E5,4,3,4,5,0,X,O
Elementary,Chemistry,gpt-3-0-vanila,E5,3,4,3,1,1,X,X
Elementary,Chemistry,gpt-3-0-vanila,E5,4,4,5,5,0,O,O
Intermediate,Chemistry,gpt-3-0-vanila,E5,5,4,1,1,4,O,O
Intermediate,Chemistry,gpt-3-0-vanila,E5,4,4,3,3,3,X,X
Intermediate,Chemistry,gpt-3-0-vanila,E5,5,5,5,5,5,O,O
Intermediate,Chemistry,gpt-3-0-vanila,E5,3,3,1,3,3,X,X
Intermediate,Chemistry,gpt-3-0-vanila,E5,3,3,3,3,3,X,X
Advanced,Chemistry,gpt-3-0-vanila,E5,5,5,5,5,5,X,X
Advanced,Chemistry,gpt-3-0-vanila,E5,1,1,1,1,0,X,X
Advanced,Chemistry,gpt-3-0-vanila,E5,4,5,4,4,0,O,O
Advanced,Chemistry,gpt-3-0-vanila,E5,4,4,2,5,3,X,X
Advanced,Chemistry,gpt-3-0-vanila,E5,5,5,5,5,3,O,O
Elementary,Earth Science,gpt-3-0-vanila,E5,5,5,5,5,2,O,O
Elementary,Earth Science,gpt-3-0-vanila,E5,1,3,3,3,0,X,X
Elementary,Earth Science,gpt-3-0-vanila,E5,5,5,5,4,5,O,O
Elementary,Earth Science,gpt-3-0-vanila,E5,5,5,3,3,0,X,X
Elementary,Earth Science,gpt-3-0-vanila,E5,4,4,2,1,0,X,X
Intermediate,Earth Science,gpt-3-0-vanila,E5,5,5,5,5,4,O,O
Intermediate,Earth Science,gpt-3-0-vanila,E5,4,4,2,3,3,X,X
Intermediate,Earth Science,gpt-3-0-vanila,E5,4,4,4,4,2,X,X
Intermediate,Earth Science,gpt-3-0-vanila,E5,4,4,4,1,3,O,O
Intermediate,Earth Science,gpt-3-0-vanila,E5,4,4,2,4,3,X,X
Advanced,Earth Science,gpt-3-0-vanila,E5,1,1,3,3,0,X,X
Advanced,Earth Science,gpt-3-0-vanila,E5,4,4,2,1,2,X,X
Advanced,Earth Science,gpt-3-0-vanila,E5,1,1,3,3,0,X,X
Advanced,Earth Science,gpt-3-0-vanila,E5,5,5,3,1,3,O,O
Advanced,Earth Science,gpt-3-0-vanila,E5,1,1,3,4,0,X,X
Elementary,Biology,gpt-3-10-augmented,E5,5,5,5,5,5,O,O
Elementary,Biology,gpt-3-10-augmented,E5,5,5,4,5,4,O,O
Elementary,Biology,gpt-3-10-augmented,E5,5,5,5,5,5,O,O
Elementary,Biology,gpt-3-10-augmented,E5,5,5,5,5,5,O,O
Elementary,Biology,gpt-3-10-augmented,E5,5,4,3,4,3,O,O
Intermediate,Biology,gpt-3-10-augmented,E5,5,3,3,4,4,O,O
Intermediate,Biology,gpt-3-10-augmented,E5,5,5,5,5,5,O,O
Intermediate,Biology,gpt-3-10-augmented,E5,5,5,5,5,5,O,O
Intermediate,Biology,gpt-3-10-augmented,E5,5,3,3,4,5,O,O
Intermediate,Biology,gpt-3-10-augmented,E5,5,5,5,5,5,O,O
Advanced,Biology,gpt-3-10-augmented,E5,5,5,2,4,4,X,O
Advanced,Biology,gpt-3-10-augmented,E5,5,5,2,4,4,X,O
Advanced,Biology,gpt-3-10-augmented,E5,5,5,2,4,4,X,O
Advanced,Biology,gpt-3-10-augmented,E5,5,5,2,4,4,X,O
Advanced,Biology,gpt-3-10-augmented,E5,5,5,3,4,5,O,O
Elementary,Chemistry,gpt-3-10-augmented,E5,5,5,5,5,5,O,O
Elementary,Chemistry,gpt-3-10-augmented,E5,5,3,3,3,3,O,O
Elementary,Chemistry,gpt-3-10-augmented,E5,5,5,5,5,5,O,O
Elementary,Chemistry,gpt-3-10-augmented,E5,5,5,5,5,5,O,O
Elementary,Chemistry,gpt-3-10-augmented,E5,5,3,3,3,3,O,O
Intermediate,Chemistry,gpt-3-10-augmented,E5,5,5,5,5,5,O,O
Intermediate,Chemistry,gpt-3-10-augmented,E5,5,3,3,3,3,O,O
Intermediate,Chemistry,gpt-3-10-augmented,E5,5,5,5,5,5,O,O
Intermediate,Chemistry,gpt-3-10-augmented,E5,5,4,4,5,4,O,O
Intermediate,Chemistry,gpt-3-10-augmented,E5,5,3,3,3,3,O,O
Advanced,Chemistry,gpt-3-10-augmented,E5,5,5,5,5,5,O,O
Advanced,Chemistry,gpt-3-10-augmented,E5,5,3,3,3,3,O,O
Advanced,Chemistry,gpt-3-10-augmented,E5,5,5,5,5,5,O,O
Advanced,Chemistry,gpt-3-10-augmented,E5,5,4,4,4,4,O,O
Advanced,Chemistry,gpt-3-10-augmented,E5,5,5,5,5,5,O,O
Elementary,Earth Science,gpt-3-10-augmented,E5,3,1,4,4,4,X,X
Elementary,Earth Science,gpt-3-10-augmented,E5,5,5,1,4,3,X,X
Elementary,Earth Science,gpt-3-10-augmented,E5,5,5,5,5,5,O,O
Elementary,Earth Science,gpt-3-10-augmented,E5,5,5,5,4,5,O,O
Elementary,Earth Science,gpt-3-10-augmented,E5,4,2,3,4,2,X,X
Intermediate,Earth Science,gpt-3-10-augmented,E5,4,5,3,4,4,X,X
Intermediate,Earth Science,gpt-3-10-augmented,E5,4,4,1,4,3,X,X
Intermediate,Earth Science,gpt-3-10-augmented,E5,5,5,5,5,5,O,O
Intermediate,Earth Science,gpt-3-10-augmented,E5,4,4,3,4,3,X,X
Intermediate,Earth Science,gpt-3-10-augmented,E5,4,4,3,4,3,X,X
Advanced,Earth Science,gpt-3-10-augmented,E5,4,4,4,5,4,O,O
Advanced,Earth Science,gpt-3-10-augmented,E5,1,4,1,4,4,X,X
Advanced,Earth Science,gpt-3-10-augmented,E5,1,1,1,1,1,X,X
Advanced,Earth Science,gpt-3-10-augmented,E5,4,2,2,3,3,X,X
Advanced,Earth Science,gpt-3-10-augmented,E5,5,5,5,5,5,O,O
Elementary,Biology,gpt-3-10-vanila,E5,4,5,2,5,2,O,O
Elementary,Biology,gpt-3-10-vanila,E5,4,5,4,5,4,O,O
Elementary,Biology,gpt-3-10-vanila,E5,4,3,3,3,3,X,X
Elementary,Biology,gpt-3-10-vanila,E5,4,4,3,4,2,X,X
Elementary,Biology,gpt-3-10-vanila,E5,5,5,5,5,5,O,O
Intermediate,Biology,gpt-3-10-vanila,E5,4,4,2,4,2,X,X
Intermediate,Biology,gpt-3-10-vanila,E5,2,5,4,3,1,X,X
Intermediate,Biology,gpt-3-10-vanila,E5,3,4,2,3,4,X,X
Intermediate,Biology,gpt-3-10-vanila,E5,5,4,5,5,5,O,O
Intermediate,Biology,gpt-3-10-vanila,E5,5,5,5,5,5,O,O
Advanced,Biology,gpt-3-10-vanila,E5,5,5,2,5,2,X,X
Advanced,Biology,gpt-3-10-vanila,E5,4,4,3,4,3,X,X
Advanced,Biology,gpt-3-10-vanila,E5,5,5,4,4,4,O,O
Advanced,Biology,gpt-3-10-vanila,E5,5,4,2,4,1,X,X
Advanced,Biology,gpt-3-10-vanila,E5,5,5,3,4,3,O,O
Elementary,Chemistry,gpt-3-10-vanila,E5,5,5,5,5,5,O,O
Elementary,Chemistry,gpt-3-10-vanila,E5,5,5,5,5,5,O,O
Elementary,Chemistry,gpt-3-10-vanila,E5,5,5,5,5,5,O,O
Elementary,Chemistry,gpt-3-10-vanila,E5,5,5,5,5,5,O,O
Elementary,Chemistry,gpt-3-10-vanila,E5,5,5,5,5,5,O,O
Intermediate,Chemistry,gpt-3-10-vanila,E5,4,5,2,4,3,X,X
Intermediate,Chemistry,gpt-3-10-vanila,E5,4,5,2,4,3,X,X
Intermediate,Chemistry,gpt-3-10-vanila,E5,4,5,2,4,3,X,X
Intermediate,Chemistry,gpt-3-10-vanila,E5,5,5,5,5,5,O,O
Intermediate,Chemistry,gpt-3-10-vanila,E5,4,5,2,4,3,X,X
Advanced,Chemistry,gpt-3-10-vanila,E5,4,5,2,4,3,X,X
Advanced,Chemistry,gpt-3-10-vanila,E5,5,5,5,5,5,O,O
Advanced,Chemistry,gpt-3-10-vanila,E5,5,5,5,5,5,O,O
Advanced,Chemistry,gpt-3-10-vanila,E5,5,5,5,5,5,O,O
Advanced,Chemistry,gpt-3-10-vanila,E5,5,5,5,5,5,O,O
Elementary,Earth Science,gpt-3-10-vanila,E5,5,5,5,5,5,O,O
Elementary,Earth Science,gpt-3-10-vanila,E5,5,5,4,5,3,O,O
Elementary,Earth Science,gpt-3-10-vanila,E5,5,5,5,5,5,O,O
Elementary,Earth Science,gpt-3-10-vanila,E5,5,5,5,5,5,O,O
Elementary,Earth Science,gpt-3-10-vanila,E5,5,5,5,5,5,O,O
Intermediate,Earth Science,gpt-3-10-vanila,E5,3,3,3,3,3,O,O
Intermediate,Earth Science,gpt-3-10-vanila,E5,5,5,5,5,5,O,O
Intermediate,Earth Science,gpt-3-10-vanila,E5,5,5,5,5,5,O,O
Intermediate,Earth Science,gpt-3-10-vanila,E5,3,3,3,4,3,X,X
Intermediate,Earth Science,gpt-3-10-vanila,E5,5,5,5,5,3,X,O
Advanced,Earth Science,gpt-3-10-vanila,E5,1,2,2,1,1,X,X
Advanced,Earth Science,gpt-3-10-vanila,E5,5,5,5,5,5,O,O
Advanced,Earth Science,gpt-3-10-vanila,E5,5,5,5,5,5,O,O
Advanced,Earth Science,gpt-3-10-vanila,E5,5,5,5,5,5,O,O
Advanced,Earth Science,gpt-3-10-vanila,E5,5,5,4,4,3,O,O
Elementary,Biology,gpt-3-0-vanila,E1,2,5,4,4,4,X,O
Elementary,Biology,gpt-3-0-vanila,E1,3,5,4,5,5,X,X
Elementary,Biology,gpt-3-0-vanila,E1,2,5,3,2,2,X,X
Elementary,Biology,gpt-3-0-vanila,E1,2,2,2,2,2,X,X
Elementary,Biology,gpt-3-0-vanila,E1,2,5,5,1,2,X,X
Intermediate,Biology,gpt-3-0-vanila,E1,3,5,4,4,5,X,O
Intermediate,Biology,gpt-3-0-vanila,E1,3,5,4,5,5,O,O
Intermediate,Biology,gpt-3-0-vanila,E1,3,5,4,5,5,X,O
Intermediate,Biology,gpt-3-0-vanila,E1,3,5,4,5,5,X,O
Intermediate,Biology,gpt-3-0-vanila,E1,3,5,4,5,5,X,O
Advanced,Biology,gpt-3-0-vanila,E1,3,5,3,5,5,X,X
Advanced,Biology,gpt-3-0-vanila,E1,3,5,3,5,5,X,X
Advanced,Biology,gpt-3-0-vanila,E1,3,5,2,1,2,X,X
Advanced,Biology,gpt-3-0-vanila,E1,3,5,2,5,5,X,X
Advanced,Biology,gpt-3-0-vanila,E1,3,5,2,5,5,X,X
Elementary,Chemistry,gpt-3-0-vanila,E1,2,5,3,3,3,X,O
Elementary,Chemistry,gpt-3-0-vanila,E1,2,5,3,3,3,X,O
Elementary,Chemistry,gpt-3-0-vanila,E1,2,5,3,3,3,X,O
Elementary,Chemistry,gpt-3-0-vanila,E1,2,5,3,2,2,X,X
Elementary,Chemistry,gpt-3-0-vanila,E1,2,5,3,2,2,X,X
Intermediate,Chemistry,gpt-3-0-vanila,E1,4,0,0,0,0,X,X
Intermediate,Chemistry,gpt-3-0-vanila,E1,3,5,4,3,3,X,O
Intermediate,Chemistry,gpt-3-0-vanila,E1,5,5,4,4,4,X,O
Intermediate,Chemistry,gpt-3-0-vanila,E1,3,5,2,2,4,X,O
Intermediate,Chemistry,gpt-3-0-vanila,E1,3,5,2,2,2,X,X
Advanced,Chemistry,gpt-3-0-vanila,E1,2,5,2,2,2,X,X
Advanced,Chemistry,gpt-3-0-vanila,E1,1,5,1,1,1,X,X
Advanced,Chemistry,gpt-3-0-vanila,E1,1,5,1,1,1,X,X
Advanced,Chemistry,gpt-3-0-vanila,E1,1,5,1,1,1,X,X
Advanced,Chemistry,gpt-3-0-vanila,E1,3,5,1,1,1,X,X
Elementary,Earth Science,gpt-3-0-vanila,E1,2,1,1,1,1,X,X
Elementary,Earth Science,gpt-3-0-vanila,E1,2,1,1,1,1,X,X
Elementary,Earth Science,gpt-3-0-vanila,E1,3,1,1,1,1,X,X
Elementary,Earth Science,gpt-3-0-vanila,E1,3,5,1,1,1,X,X
Elementary,Earth Science,gpt-3-0-vanila,E1,3,5,1,1,1,X,X
Intermediate,Earth Science,gpt-3-0-vanila,E1,2,5,1,1,1,X,X
Intermediate,Earth Science,gpt-3-0-vanila,E1,2,5,3,3,3,X,X
Intermediate,Earth Science,gpt-3-0-vanila,E1,2,5,2,2,2,X,X
Intermediate,Earth Science,gpt-3-0-vanila,E1,2,5,2,2,1,X,X
Intermediate,Earth Science,gpt-3-0-vanila,E1,2,5,2,2,2,X,X
Advanced,Earth Science,gpt-3-0-vanila,E1,2,5,4,2,4,X,X
Advanced,Earth Science,gpt-3-0-vanila,E1,2,5,2,2,2,X,X
Advanced,Earth Science,gpt-3-0-vanila,E1,2,5,4,2,4,X,X
Advanced,Earth Science,gpt-3-0-vanila,E1,2,5,2,2,2,X,X
Advanced,Earth Science,gpt-3-0-vanila,E1,2,5,2,2,2,X,X
Elementary,Biology,gpt-3-10-augmented,E1,2,5,3,3,5,X,X
Elementary,Biology,gpt-3-10-augmented,E1,2,5,3,3,5,X,X
Elementary,Biology,gpt-3-10-augmented,E1,2,5,3,3,5,X,X
Elementary,Biology,gpt-3-10-augmented,E1,2,5,3,3,5,X,X
Elementary,Biology,gpt-3-10-augmented,E1,2,5,3,3,5,X,X
Intermediate,Biology,gpt-3-10-augmented,E1,2,5,3,3,5,X,X
Intermediate,Biology,gpt-3-10-augmented,E1,2,5,3,3,3,X,X
Intermediate,Biology,gpt-3-10-augmented,E1,2,5,4,4,5,X,O
Intermediate,Biology,gpt-3-10-augmented,E1,2,5,1,1,1,X,X
Intermediate,Biology,gpt-3-10-augmented,E1,2,5,4,4,5,X,X
Advanced,Biology,gpt-3-10-augmented,E1,2,5,2,2,5,X,X
Advanced,Biology,gpt-3-10-augmented,E1,2,5,2,2,5,X,X
Advanced,Biology,gpt-3-10-augmented,E1,2,5,2,2,5,X,X
Advanced,Biology,gpt-3-10-augmented,E1,2,5,2,2,5,X,X
Advanced,Biology,gpt-3-10-augmented,E1,2,5,2,2,5,X,X
Elementary,Chemistry,gpt-3-10-augmented,E1,3,5,3,3,5,X,X
Elementary,Chemistry,gpt-3-10-augmented,E1,3,5,2,2,4,X,X
Elementary,Chemistry,gpt-3-10-augmented,E1,3,5,2,2,5,X,X
Elementary,Chemistry,gpt-3-10-augmented,E1,3,5,5,5,5,O,X
Elementary,Chemistry,gpt-3-10-augmented,E1,3,5,2,2,5,X,X
Intermediate,Chemistry,gpt-3-10-augmented,E1,3,5,2,2,4,X,X
Intermediate,Chemistry,gpt-3-10-augmented,E1,3,5,2,2,4,X,X
Intermediate,Chemistry,gpt-3-10-augmented,E1,3,5,2,2,4,X,X
Intermediate,Chemistry,gpt-3-10-augmented,E1,3,3,2,2,4,X,X
Intermediate,Chemistry,gpt-3-10-augmented,E1,3,5,2,2,4,X,X
Advanced,Chemistry,gpt-3-10-augmented,E1,3,5,2,2,4,X,X
Advanced,Chemistry,gpt-3-10-augmented,E1,3,5,2,2,3,X,X
Advanced,Chemistry,gpt-3-10-augmented,E1,3,5,2,2,3,X,X
Advanced,Chemistry,gpt-3-10-augmented,E1,3,5,2,2,3,X,X
Advanced,Chemistry,gpt-3-10-augmented,E1,3,5,2,2,3,X,X
Elementary,Earth Science,gpt-3-10-augmented,E1,2,1,1,1,1,X,X
Elementary,Earth Science,gpt-3-10-augmented,E1,3,5,2,5,5,X,X
Elementary,Earth Science,gpt-3-10-augmented,E1,4,3,5,5,5,O,O
Elementary,Earth Science,gpt-3-10-augmented,E1,3,3,4,5,5,X,O
Elementary,Earth Science,gpt-3-10-augmented,E1,2,1,1,5,5,X,X
Intermediate,Earth Science,gpt-3-10-augmented,E1,3,5,2,5,5,X,X
Intermediate,Earth Science,gpt-3-10-augmented,E1,3,5,2,5,5,X,X
Intermediate,Earth Science,gpt-3-10-augmented,E1,3,5,5,5,5,O,O
Intermediate,Earth Science,gpt-3-10-augmented,E1,3,5,3,5,5,X,X
Intermediate,Earth Science,gpt-3-10-augmented,E1,3,5,3,5,5,X,X
Advanced,Earth Science,gpt-3-10-augmented,E1,5,5,4,5,5,O,O
Advanced,Earth Science,gpt-3-10-augmented,E1,5,5,3,5,5,X,X
Advanced,Earth Science,gpt-3-10-augmented,E1,3,3,2,5,5,X,X
Advanced,Earth Science,gpt-3-10-augmented,E1,2,5,2,5,5,X,X
Advanced,Earth Science,gpt-3-10-augmented,E1,5,5,1,5,5,X,X
Elementary,Biology,gpt-3-10-vanila,E1,3,5,3,3,3,X,X
Elementary,Biology,gpt-3-10-vanila,E1,3,5,3,3,3,X,X
Elementary,Biology,gpt-3-10-vanila,E1,3,5,3,3,3,X,X
Elementary,Biology,gpt-3-10-vanila,E1,3,5,3,3,3,X,X
Elementary,Biology,gpt-3-10-vanila,E1,3,3,3,3,3,X,X
Intermediate,Biology,gpt-3-10-vanila,E1,3,5,4,4,5,X,X
Intermediate,Biology,gpt-3-10-vanila,E1,3,5,3,3,3,X,X
Intermediate,Biology,gpt-3-10-vanila,E1,3,5,3,4,4,X,X
Intermediate,Biology,gpt-3-10-vanila,E1,3,5,3,4,4,X,X
Intermediate,Biology,gpt-3-10-vanila,E1,3,5,5,5,5,O,O
Advanced,Biology,gpt-3-10-vanila,E1,3,5,2,4,4,X,X
Advanced,Biology,gpt-3-10-vanila,E1,3,5,2,4,4,X,X
Advanced,Biology,gpt-3-10-vanila,E1,3,5,2,4,4,X,X
Advanced,Biology,gpt-3-10-vanila,E1,3,5,2,4,4,X,X
Advanced,Biology,gpt-3-10-vanila,E1,3,5,2,4,4,X,X
Elementary,Chemistry,gpt-3-10-vanila,E1,1,5,3,4,5,X,X
Elementary,Chemistry,gpt-3-10-vanila,E1,1,5,4,4,5,X,X
Elementary,Chemistry,gpt-3-10-vanila,E1,1,5,4,4,5,X,X
Elementary,Chemistry,gpt-3-10-vanila,E1,1,5,2,4,5,X,X
Elementary,Chemistry,gpt-3-10-vanila,E1,2,5,4,4,4,X,O
Intermediate,Chemistry,gpt-3-10-vanila,E1,2,5,2,3,4,X,X
Intermediate,Chemistry,gpt-3-10-vanila,E1,3,5,2,2,3,X,X
Intermediate,Chemistry,gpt-3-10-vanila,E1,3,5,2,2,3,X,X
Intermediate,Chemistry,gpt-3-10-vanila,E1,3,4,3,2,2,X,X
Intermediate,Chemistry,gpt-3-10-vanila,E1,3,2,2,2,2,X,X
Advanced,Chemistry,gpt-3-10-vanila,E1,2,3,3,3,3,X,X
Advanced,Chemistry,gpt-3-10-vanila,E1,2,5,4,4,4,X,O
Advanced,Chemistry,gpt-3-10-vanila,E1,2,3,2,3,3,X,O
Advanced,Chemistry,gpt-3-10-vanila,E1,2,3,2,3,3,X,O
Advanced,Chemistry,gpt-3-10-vanila,E1,2,3,2,2,2,X,X
Elementary,Earth Science,gpt-3-10-vanila,E1,2,2,1,3,1,X,X
Elementary,Earth Science,gpt-3-10-vanila,E1,2,2,1,5,1,X,X
Elementary,Earth Science,gpt-3-10-vanila,E1,2,2,2,5,4,X,X
Elementary,Earth Science,gpt-3-10-vanila,E1,2,4,5,5,5,O,X
Elementary,Earth Science,gpt-3-10-vanila,E1,2,2,1,5,4,X,X
Intermediate,Earth Science,gpt-3-10-vanila,E1,2,5,1,5,4,X,X
Intermediate,Earth Science,gpt-3-10-vanila,E1,2,5,1,5,4,X,X
Intermediate,Earth Science,gpt-3-10-vanila,E1,2,5,1,5,4,X,X
Intermediate,Earth Science,gpt-3-10-vanila,E1,2,5,1,5,4,X,X
Intermediate,Earth Science,gpt-3-10-vanila,E1,2,5,1,5,4,X,X
Advanced,Earth Science,gpt-3-10-vanila,E1,2,4,4,5,5,X,X
Advanced,Earth Science,gpt-3-10-vanila,E1,2,4,3,5,5,X,X
Advanced,Earth Science,gpt-3-10-vanila,E1,2,5,2,5,5,X,X
Advanced,Earth Science,gpt-3-10-vanila,E1,2,5,2,5,5,X,X
Advanced,Earth Science,gpt-3-10-vanila,E1,2,5,2,5,5,X,X
Elementary,Biology,gpt-3-0-vanila,E2,4,4,3,3,2,X,X
Elementary,Biology,gpt-3-0-vanila,E2,2,1,1,4,1,X,X
Elementary,Biology,gpt-3-0-vanila,E2,4,2,1,1,1,X,X
Elementary,Biology,gpt-3-0-vanila,E2,4,3,3,3,2,X,X
Elementary,Biology,gpt-3-0-vanila,E2,1,1,1,1,1,X,X
Intermediate,Biology,gpt-3-0-vanila,E2,4,3,4,4,4,O,X
Intermediate,Biology,gpt-3-0-vanila,E2,3,2,2,3,2,X,X
Intermediate,Biology,gpt-3-0-vanila,E2,4,4,4,4,4,O,O
Intermediate,Biology,gpt-3-0-vanila,E2,5,5,5,5,5,O,O
Intermediate,Biology,gpt-3-0-vanila,E2,4,4,3,3,3,O,X
Advanced,Biology,gpt-3-0-vanila,E2,3,4,4,3,3,X,X
Advanced,Biology,gpt-3-0-vanila,E2,5,5,5,5,5,O,O
Advanced,Biology,gpt-3-0-vanila,E2,3,2,2,2,2,X,X
Advanced,Biology,gpt-3-0-vanila,E2,3,3,3,3,3,X,X
Advanced,Biology,gpt-3-0-vanila,E2,3,2,2,3,2,X,X
Elementary,Chemistry,gpt-3-0-vanila,E2,4,4,3,4,5,x,x
Elementary,Chemistry,gpt-3-0-vanila,E2,2,3,1,3,3,x,o
Elementary,Chemistry,gpt-3-0-vanila,E2,4,5,3,4,5,x,x
Elementary,Chemistry,gpt-3-0-vanila,E2,3,2,3,3,3,x,O
Elementary,Chemistry,gpt-3-0-vanila,E2,3,5,3,3,3,x,x
Intermediate,Chemistry,gpt-3-0-vanila,E2,3,2,3,2,3,o,o
Intermediate,Chemistry,gpt-3-0-vanila,E2,4,5,3,3,3,x,x
Intermediate,Chemistry,gpt-3-0-vanila,E2,3,4,3,2,3,x,o
Intermediate,Chemistry,gpt-3-0-vanila,E2,3,5,3,4,3,x,x
Intermediate,Chemistry,gpt-3-0-vanila,E2,4,5,3,3,2,x,x
Advanced,Chemistry,gpt-3-0-vanila,E2,3,3,2,3,2,x,o
Advanced,Chemistry,gpt-3-0-vanila,E2,2,1,3,2,1,x,o
Advanced,Chemistry,gpt-3-0-vanila,E2,1,2,3,1,1,x,o
Advanced,Chemistry,gpt-3-0-vanila,E2,4,5,3,2,3,x,x
Advanced,Chemistry,gpt-3-0-vanila,E2,3,5,3,2,3,x,x
Elementary,Physics,gpt-3-0-vanila,E2,4,5,4,5,4,O,X
Elementary,Physics,gpt-3-0-vanila,E2,4,4,3,4,3,X,X
Elementary,Physics,gpt-3-0-vanila,E2,4,3,3,3,3,X,X
Elementary,Physics,gpt-3-0-vanila,E2,4,4,4,4,4,O,X
Elementary,Physics,gpt-3-0-vanila,E2,3,3,2,2,1,X,X
Intermediate,Physics,gpt-3-0-vanila,E2,3,4,4,4,3,X,X
Intermediate,Physics,gpt-3-0-vanila,E2,4,3,4,3,2,X,X
Intermediate,Physics,gpt-3-0-vanila,E2,4,3,4,4,3,X,X
Intermediate,Physics,gpt-3-0-vanila,E2,4,4,3,4,2,X,X
Intermediate,Physics,gpt-3-0-vanila,E2,4,3,3,4,3,X,X
Advanced,Physics,gpt-3-0-vanila,E2,5,5,5,5,5,O,O
Advanced,Physics,gpt-3-0-vanila,E2,5,4,4,4,4,O,X
Advanced,Physics,gpt-3-0-vanila,E2,1,1,1,1,1,X,X
Advanced,Physics,gpt-3-0-vanila,E2,5,5,5,5,5,O,X
Advanced,Physics,gpt-3-0-vanila,E2,5,5,5,5,5,O,X
Elementary,Biology,gpt-3-10-augmented,E2,5,5,5,5,5,O,O
Elementary,Biology,gpt-3-10-augmented,E2,4,3,2,4,2,X,X
Elementary,Biology,gpt-3-10-augmented,E2,5,5,5,5,5,O,O
Elementary,Biology,gpt-3-10-augmented,E2,5,4,5,5,5,O,X
Elementary,Biology,gpt-3-10-augmented,E2,4,3,3,3,2,X,X
Intermediate,Biology,gpt-3-10-augmented,E2,4,3,4,3,3,X,X
Intermediate,Biology,gpt-3-10-augmented,E2,5,5,5,5,5,O,O
Intermediate,Biology,gpt-3-10-augmented,E2,5,5,5,5,5,O,O
Intermediate,Biology,gpt-3-10-augmented,E2,4,3,3,2,1,X,X
Intermediate,Biology,gpt-3-10-augmented,E2,5,5,5,5,5,O,X
Advanced,Biology,gpt-3-10-augmented,E2,5,3,3,3,1,X,X
Advanced,Biology,gpt-3-10-augmented,E2,4,3,2,2,1,X,X
Advanced,Biology,gpt-3-10-augmented,E2,4,5,5,5,5,O,X
Advanced,Biology,gpt-3-10-augmented,E2,4,2,2,2,1,X,X
Advanced,Biology,gpt-3-10-augmented,E2,5,4,5,5,5,O,X
Elementary,Chemistry,gpt-3-10-augmented,E2,5,5,5,5,5,O,O
Elementary,Chemistry,gpt-3-10-augmented,E2,5,5,5,5,5,O,X
Elementary,Chemistry,gpt-3-10-augmented,E2,5,4,4,4,4,O,X
Elementary,Chemistry,gpt-3-10-augmented,E2,4,4,4,4,3,X,X
Elementary,Chemistry,gpt-3-10-augmented,E2,5,5,5,5,5,O,X
Intermediate,Chemistry,gpt-3-10-augmented,E2,4,3,3,3,2,X,X
Intermediate,Chemistry,gpt-3-10-augmented,E2,4,5,5,5,5,O,O
Intermediate,Chemistry,gpt-3-10-augmented,E2,5,5,5,5,5,O,X
Intermediate,Chemistry,gpt-3-10-augmented,E2,5,5,5,5,5,O,O
Intermediate,Chemistry,gpt-3-10-augmented,E2,4,4,4,5,5,O,X
Advanced,Chemistry,gpt-3-10-augmented,E2,5,5,5,5,5,O,O
Advanced,Chemistry,gpt-3-10-augmented,E2,5,4,4,4,4,O,X
Advanced,Chemistry,gpt-3-10-augmented,E2,5,5,5,4,4,O,X
Advanced,Chemistry,gpt-3-10-augmented,E2,5,4,4,5,5,X,O
Advanced,Chemistry,gpt-3-10-augmented,E2,5,5,4,5,5,X,X
Elementary,Physics,gpt-3-10-augmented,E2,4,4,4,5,4,O,O
Elementary,Physics,gpt-3-10-augmented,E2,4,4,4,5,4,O,O
Elementary,Physics,gpt-3-10-augmented,E2,4,4,4,5,4,O,O
Elementary,Physics,gpt-3-10-augmented,E2,4,3,3,4,3,X,X
Elementary,Physics,gpt-3-10-augmented,E2,5,4,5,5,4,O,O
Intermediate,Physics,gpt-3-10-augmented,E2,4,4,5,5,4,O,X
Intermediate,Physics,gpt-3-10-augmented,E2,5,4,4,5,4,O,X
Intermediate,Physics,gpt-3-10-augmented,E2,3,4,3,4,3,X,X
Intermediate,Physics,gpt-3-10-augmented,E2,5,5,5,5,5,O,X
Intermediate,Physics,gpt-3-10-augmented,E2,3,4,3,4,3,X,X
Advanced,Physics,gpt-3-10-augmented,E2,5,4,5,5,5,O,O
Advanced,Physics,gpt-3-10-augmented,E2,4,3,3,3,2,X,X
Advanced,Physics,gpt-3-10-augmented,E2,5,5,5,5,5,O,O
Advanced,Physics,gpt-3-10-augmented,E2,5,4,5,5,5,O,X
Advanced,Physics,gpt-3-10-augmented,E2,5,4,4,5,5,O,X
Elementary,Biology,gpt-3-10-vanila,E2,5,5,4,5,4,O,O
Elementary,Biology,gpt-3-10-vanila,E2,4,5,4,4,5,O,X
Elementary,Biology,gpt-3-10-vanila,E2,3,4,3,4,4,X,X
Elementary,Biology,gpt-3-10-vanila,E2,3,2,2,1,2,X,X
Elementary,Biology,gpt-3-10-vanila,E2,4,5,5,5,5,O,O
Intermediate,Biology,gpt-3-10-vanila,E2,5,5,5,5,5,O,O
Intermediate,Biology,gpt-3-10-vanila,E2,4,4,4,4,4,O,X
Intermediate,Biology,gpt-3-10-vanila,E2,3,2,2,2,1,X,X
Intermediate,Biology,gpt-3-10-vanila,E2,4,3,4,4,4,X,X
Intermediate,Biology,gpt-3-10-vanila,E2,4,5,5,5,5,O,O
Advanced,Biology,gpt-3-10-vanila,E2,4,3,4,3,3,X,X
Advanced,Biology,gpt-3-10-vanila,E2,5,5,5,5,5,O,O
Advanced,Biology,gpt-3-10-vanila,E2,3,2,2,2,3,X,X
Advanced,Biology,gpt-3-10-vanila,E2,4,4,4,4,4,O,O
Advanced,Biology,gpt-3-10-vanila,E2,5,5,5,5,5,O,O
Elementary,Chemistry,gpt-3-10-vanila,E2,5,5,5,5,5,O,O
Elementary,Chemistry,gpt-3-10-vanila,E2,3,5,5,4,4,O,X
Elementary,Chemistry,gpt-3-10-vanila,E2,4,5,5,5,5,O,O
Elementary,Chemistry,gpt-3-10-vanila,E2,5,4,4,4,4,X,O
Elementary,Chemistry,gpt-3-10-vanila,E2,3,2,3,2,2,X,X
Intermediate,Chemistry,gpt-3-10-vanila,E2,3,1,1,1,1,X,X
Intermediate,Chemistry,gpt-3-10-vanila,E2,5,4,4,4,4,O,O
Intermediate,Chemistry,gpt-3-10-vanila,E2,5,4,4,4,4,O,X
Intermediate,Chemistry,gpt-3-10-vanila,E2,4,3,3,2,2,X,X
Intermediate,Chemistry,gpt-3-10-vanila,E2,3,3,3,2,2,X,X
Advanced,Chemistry,gpt-3-10-vanila,E2,2,1,1,1,1,X,X
Advanced,Chemistry,gpt-3-10-vanila,E2,,,,,,,
Advanced,Chemistry,gpt-3-10-vanila,E2,1,1,1,1,1,X,X
Advanced,Chemistry,gpt-3-10-vanila,E2,5,4,4,5,5,O,O
Advanced,Chemistry,gpt-3-10-vanila,E2,4,3,3,2,3,X,X
Elementary,Physics,gpt-3-10-vanila,E2,4,5,5,5,5,O,O
Elementary,Physics,gpt-3-10-vanila,E2,4,4,3,4,4,X,X
Elementary,Physics,gpt-3-10-vanila,E2,4,5,5,4,5,O,O
Elementary,Physics,gpt-3-10-vanila,E2,4,5,5,4,5,O,X
Elementary,Physics,gpt-3-10-vanila,E2,3,2,3,1,2,X,X
Intermediate,Physics,gpt-3-10-vanila,E2,5,5,4,5,5,O,O
Intermediate,Physics,gpt-3-10-vanila,E2,3,5,4,4,4,O,X
Intermediate,Physics,gpt-3-10-vanila,E2,3,2,4,3,3,X,X
Intermediate,Physics,gpt-3-10-vanila,E2,3,2,2,1,2,X,X
Intermediate,Physics,gpt-3-10-vanila,E2,5,5,5,5,5,O,O
Advanced,Physics,gpt-3-10-vanila,E2,3,4,3,4,4,O,X
Advanced,Physics,gpt-3-10-vanila,E2,4,3,4,4,4,X,X
Advanced,Physics,gpt-3-10-vanila,E2,2,3,4,4,5,O,X
Advanced,Physics,gpt-3-10-vanila,E2,2,3,4,4,4,O,X
Advanced,Physics,gpt-3-10-vanila,E2,2,4,4,4,4,O,O
Elementary,Astronomy,gpt-3-0-vanila,E3,2,2,1,2,1,X,X
Elementary,Astronomy,gpt-3-0-vanila,E3,2,2,1,2,1,X,X
Elementary,Astronomy,gpt-3-0-vanila,E3,2,2,1,2,1,X,X
Elementary,Astronomy,gpt-3-0-vanila,E3,2,2,1,2,1,X,X
Elementary,Astronomy,gpt-3-0-vanila,E3,2,2,1,2,1,X,X
Intermediate,Astronomy,gpt-3-0-vanila,E3,1,1,1,1,1,X,X
Intermediate,Astronomy,gpt-3-0-vanila,E3,1,1,1,1,1,X,X
Intermediate,Astronomy,gpt-3-0-vanila,E3,1,1,1,1,1,X,X
Intermediate,Astronomy,gpt-3-0-vanila,E3,1,1,1,1,1,X,X
Intermediate,Astronomy,gpt-3-0-vanila,E3,1,1,1,1,1,X,X
Advanced,Astronomy,gpt-3-0-vanila,E3,2,2,1,2,1,X,X
Advanced,Astronomy,gpt-3-0-vanila,E3,2,2,1,2,1,X,X
Advanced,Astronomy,gpt-3-0-vanila,E3,2,2,1,2,1,X,X
Advanced,Astronomy,gpt-3-0-vanila,E3,2,2,1,2,1,X,X
Advanced,Astronomy,gpt-3-0-vanila,E3,2,2,1,2,1,X,X
Elementary,Computer Science,gpt-3-0-vanila,E3,2,2,1,1,1,X,X
Elementary,Computer Science,gpt-3-0-vanila,E3,3,4,4,4,4,O,O
Elementary,Computer Science,gpt-3-0-vanila,E3,2,2,1,2,1,X,X
Elementary,Computer Science,gpt-3-0-vanila,E3,2,2,1,2,1,X,X
Elementary,Computer Science,gpt-3-0-vanila,E3,3,3,3,3,3,O,X
Intermediate,Computer Science,gpt-3-0-vanila,E3,1,2,2,3,3,X,X
Intermediate,Computer Science,gpt-3-0-vanila,E3,3,4,3,4,4,O,X
Intermediate,Computer Science,gpt-3-0-vanila,E3,4,4,4,4,4,O,O
Intermediate,Computer Science,gpt-3-0-vanila,E3,4,4,4,4,4,O,O
Intermediate,Computer Science,gpt-3-0-vanila,E3,2,3,2,2,3,O,X
Advanced,Computer Science,gpt-3-0-vanila,E3,1,1,1,1,1,X,X
Advanced,Computer Science,gpt-3-0-vanila,E3,1,1,1,1,1,X,X
Advanced,Computer Science,gpt-3-0-vanila,E3,5,5,1,1,1,X,X
Advanced,Computer Science,gpt-3-0-vanila,E3,2,2,2,2,2,X,X
Advanced,Computer Science,gpt-3-0-vanila,E3,1,1,1,1,1,X,X
Elementary,Earth Science,gpt-3-0-vanila,E3,1,1,1,1,1,X,X
Elementary,Earth Science,gpt-3-0-vanila,E3,1,1,1,1,1,X,X
Elementary,Earth Science,gpt-3-0-vanila,E3,1,1,1,1,1,X,X
Elementary,Earth Science,gpt-3-0-vanila,E3,1,1,1,1,1,X,X
Elementary,Earth Science,gpt-3-0-vanila,E3,1,1,1,1,1,X,X
Intermediate,Earth Science,gpt-3-0-vanila,E3,1,1,1,1,1,X,X
Intermediate,Earth Science,gpt-3-0-vanila,E3,3,3,3,2,2,X,X
Intermediate,Earth Science,gpt-3-0-vanila,E3,1,1,1,1,1,X,X
Intermediate,Earth Science,gpt-3-0-vanila,E3,4,4,4,4,4,O,O
Intermediate,Earth Science,gpt-3-0-vanila,E3,4,4,4,4,4,O,O
Advanced,Earth Science,gpt-3-0-vanila,E3,1,1,1,1,1,X,X
Advanced,Earth Science,gpt-3-0-vanila,E3,1,1,1,1,1,X,X
Advanced,Earth Science,gpt-3-0-vanila,E3,1,1,1,1,1,X,X
Advanced,Earth Science,gpt-3-0-vanila,E3,1,1,1,1,1,X,X
Advanced,Earth Science,gpt-3-0-vanila,E3,1,1,1,1,1,X,X
Elementary,Astronomy,gpt-3-10-augmented,E3,1,2,3,3,2,X,X
Elementary,Astronomy,gpt-3-10-augmented,E3,1,2,3,3,2,X,X
Elementary,Astronomy,gpt-3-10-augmented,E3,1,2,3,3,2,X,X
Elementary,Astronomy,gpt-3-10-augmented,E3,1,2,3,3,2,X,X
Elementary,Astronomy,gpt-3-10-augmented,E3,1,2,3,3,3,X,X
Intermediate,Astronomy,gpt-3-10-augmented,E3,1,1,1,1,1,X,X
Intermediate,Astronomy,gpt-3-10-augmented,E3,1,1,1,1,1,X,X
Intermediate,Astronomy,gpt-3-10-augmented,E3,2,3,3,3,3,O,X
Intermediate,Astronomy,gpt-3-10-augmented,E3,1,1,1,1,1,X,X
Intermediate,Astronomy,gpt-3-10-augmented,E3,1,1,1,1,1,X,X
Advanced,Astronomy,gpt-3-10-augmented,E3,1,1,1,1,1,X,X
Advanced,Astronomy,gpt-3-10-augmented,E3,1,1,1,1,1,X,X
Advanced,Astronomy,gpt-3-10-augmented,E3,1,1,1,1,1,X,X
Advanced,Astronomy,gpt-3-10-augmented,E3,1,1,1,1,1,X,X
Advanced,Astronomy,gpt-3-10-augmented,E3,1,1,1,1,1,X,X
Elementary,Computer Science,gpt-3-10-augmented,E3,2,2,2,3,2,X,X
Elementary,Computer Science,gpt-3-10-augmented,E3,2,2,2,3,2,X,X
Elementary,Computer Science,gpt-3-10-augmented,E3,1,1,2,2,2,X,X
Elementary,Computer Science,gpt-3-10-augmented,E3,4,5,5,5,5,O,O
Elementary,Computer Science,gpt-3-10-augmented,E3,2,4,4,4,4,O,X
Intermediate,Computer Science,gpt-3-10-augmented,E3,4,4,4,4,4,O,X
Intermediate,Computer Science,gpt-3-10-augmented,E3,1,1,1,1,1,X,X
Intermediate,Computer Science,gpt-3-10-augmented,E3,3,3,3,3,3,O,X
Intermediate,Computer Science,gpt-3-10-augmented,E3,3,3,3,3,3,O,X
Intermediate,Computer Science,gpt-3-10-augmented,E3,3,3,3,3,3,O,X
Advanced,Computer Science,gpt-3-10-augmented,E3,1,1,1,1,1,X,X
Advanced,Computer Science,gpt-3-10-augmented,E3,1,1,1,1,1,X,X
Advanced,Computer Science,gpt-3-10-augmented,E3,1,1,1,1,1,X,X
Advanced,Computer Science,gpt-3-10-augmented,E3,1,1,1,1,1,X,X
Advanced,Computer Science,gpt-3-10-augmented,E3,1,1,1,1,1,X,X
Elementary,Earth Science,gpt-3-10-augmented,E3,1,1,1,1,1,X,X
Elementary,Earth Science,gpt-3-10-augmented,E3,3,3,1,1,1,X,X
Elementary,Earth Science,gpt-3-10-augmented,E3,2,3,1,1,1,X,X
Elementary,Earth Science,gpt-3-10-augmented,E3,2,2,3,3,3,X,X
Elementary,Earth Science,gpt-3-10-augmented,E3,2,2,3,3,3,X,X
Intermediate,Earth Science,gpt-3-10-augmented,E3,1,1,1,1,1,X,X
Intermediate,Earth Science,gpt-3-10-augmented,E3,4,4,4,4,4,O,O
Intermediate,Earth Science,gpt-3-10-augmented,E3,1,1,1,1,1,X,X
Intermediate,Earth Science,gpt-3-10-augmented,E3,1,1,1,1,1,X,X
Intermediate,Earth Science,gpt-3-10-augmented,E3,4,4,4,4,4,O,O
Advanced,Earth Science,gpt-3-10-augmented,E3,4,4,4,4,4,O,O
Advanced,Earth Science,gpt-3-10-augmented,E3,1,1,1,1,1,X,X
Advanced,Earth Science,gpt-3-10-augmented,E3,3,3,3,3,3,X,X
Advanced,Earth Science,gpt-3-10-augmented,E3,4,4,4,4,4,O,O
Advanced,Earth Science,gpt-3-10-augmented,E3,4,4,4,4,4,O,O
Elementary,Astronomy,gpt-3-10-vanila,E3,2,3,3,3,3,X,X
Elementary,Astronomy,gpt-3-10-vanila,E3,2,3,3,3,3,X,X
Elementary,Astronomy,gpt-3-10-vanila,E3,2,3,3,3,3,X,X
Elementary,Astronomy,gpt-3-10-vanila,E3,2,3,3,3,3,O,X
Elementary,Astronomy,gpt-3-10-vanila,E3,2,3,3,3,3,X,X
Intermediate,Astronomy,gpt-3-10-vanila,E3,1,1,2,2,2,X,X
Intermediate,Astronomy,gpt-3-10-vanila,E3,1,1,2,2,2,X,X
Intermediate,Astronomy,gpt-3-10-vanila,E3,2,2,2,2,2,X,X
Intermediate,Astronomy,gpt-3-10-vanila,E3,1,1,2,2,2,X,X
Intermediate,Astronomy,gpt-3-10-vanila,E3,2,3,3,4,4,O,X
Advanced,Astronomy,gpt-3-10-vanila,E3,1,1,1,1,1,X,X
Advanced,Astronomy,gpt-3-10-vanila,E3,1,1,1,1,1,X,X
Advanced,Astronomy,gpt-3-10-vanila,E3,1,2,2,2,2,X,X
Advanced,Astronomy,gpt-3-10-vanila,E3,1,1,1,1,1,X,X
Advanced,Astronomy,gpt-3-10-vanila,E3,1,1,1,1,1,X,X
Elementary,Computer Science,gpt-3-10-vanila,E3,1,2,4,4,4,X,X
Elementary,Computer Science,gpt-3-10-vanila,E3,2,2,4,4,4,O,X
Elementary,Computer Science,gpt-3-10-vanila,E3,3,2,2,2,2,X,X
Elementary,Computer Science,gpt-3-10-vanila,E3,3,2,2,2,2,X,X
Elementary,Computer Science,gpt-3-10-vanila,E3,2,2,4,4,4,O,X
Intermediate,Computer Science,gpt-3-10-vanila,E3,2,2,4,4,4,O,X
Intermediate,Computer Science,gpt-3-10-vanila,E3,2,2,4,4,4,O,X
Intermediate,Computer Science,gpt-3-10-vanila,E3,2,2,4,4,4,O,X
Intermediate,Computer Science,gpt-3-10-vanila,E3,2,2,4,4,4,O,X
Intermediate,Computer Science,gpt-3-10-vanila,E3,1,1,1,1,1,X,X
Advanced,Computer Science,gpt-3-10-vanila,E3,1,1,1,1,1,X,X
Advanced,Computer Science,gpt-3-10-vanila,E3,1,1,1,1,1,X,X
Advanced,Computer Science,gpt-3-10-vanila,E3,1,1,1,1,1,X,X
Advanced,Computer Science,gpt-3-10-vanila,E3,1,1,1,1,1,X,X
Advanced,Computer Science,gpt-3-10-vanila,E3,1,1,1,1,1,X,X
Elementary,Earth Science,gpt-3-10-vanila,E3,1,1,1,1,1,X,X
Elementary,Earth Science,gpt-3-10-vanila,E3,1,1,1,1,1,X,X
Elementary,Earth Science,gpt-3-10-vanila,E3,1,2,2,2,1,X,X
Elementary,Earth Science,gpt-3-10-vanila,E3,1,2,2,2,2,X,X
Elementary,Earth Science,gpt-3-10-vanila,E3,1,1,1,2,2,X,X
Intermediate,Earth Science,gpt-3-10-vanila,E3,2,2,1,1,1,X,X
Intermediate,Earth Science,gpt-3-10-vanila,E3,2,2,2,2,2,X,X
Intermediate,Earth Science,gpt-3-10-vanila,E3,2,2,2,2,2,X,X
Intermediate,Earth Science,gpt-3-10-vanila,E3,1,1,1,1,1,X,X
Intermediate,Earth Science,gpt-3-10-vanila,E3,1,1,1,1,1,X,X
Advanced,Earth Science,gpt-3-10-vanila,E3,2,2,2,2,2,X,X
Advanced,Earth Science,gpt-3-10-vanila,E3,5,5,5,5,5,O,O
Advanced,Earth Science,gpt-3-10-vanila,E3,5,5,5,5,5,O,O
Advanced,Earth Science,gpt-3-10-vanila,E3,1,1,1,1,1,X,X
Advanced,Earth Science,gpt-3-10-vanila,E3,4,4,4,4,4,O,O
Elementary,Astronomy,gpt-3-0-vanila,E4,4,4,4,4,3,O,O
Elementary,Astronomy,gpt-3-0-vanila,E4,3,4,3,4,3,X,O
Elementary,Astronomy,gpt-3-0-vanila,E4,3,4,3,3,3,X,O
Elementary,Astronomy,gpt-3-0-vanila,E4,3,4,4,4,4,O,O
Elementary,Astronomy,gpt-3-0-vanila,E4,2,4,4,4,4,O,O
Intermediate,Astronomy,gpt-3-0-vanila,E4,3,3,4,3,4,O,O
Intermediate,Astronomy,gpt-3-0-vanila,E4,2,4,4,4,4,O,O
Intermediate,Astronomy,gpt-3-0-vanila,E4,3,4,4,4,4,O,O
Intermediate,Astronomy,gpt-3-0-vanila,E4,2,3,3,3,3,O,O
Intermediate,Astronomy,gpt-3-0-vanila,E4,2,3,3,3,4,X,X
Advanced,Astronomy,gpt-3-0-vanila,E4,3,2,2,2,3,O,X
Advanced,Astronomy,gpt-3-0-vanila,E4,4,2,2,2,2,X,X
Advanced,Astronomy,gpt-3-0-vanila,E4,3,3,4,3,3,X,X
Advanced,Astronomy,gpt-3-0-vanila,E4,2,3,3,2,2,X,X
Advanced,Astronomy,gpt-3-0-vanila,E4,2,3,3,3,2,X,X
Elementary,Computer Science,gpt-3-0-vanila,E4,3,4,4,4,3,O,O
Elementary,Computer Science,gpt-3-0-vanila,E4,3,4,3,4,3,X,O
Elementary,Computer Science,gpt-3-0-vanila,E4,3,4,3,3,3,X,O
Elementary,Computer Science,gpt-3-0-vanila,E4,3,4,4,4,4,O,O
Elementary,Computer Science,gpt-3-0-vanila,E4,2,4,4,4,4,O,O
Intermediate,Computer Science,gpt-3-0-vanila,E4,3,3,4,3,4,O,O
Intermediate,Computer Science,gpt-3-0-vanila,E4,2,4,4,4,4,O,O
Intermediate,Computer Science,gpt-3-0-vanila,E4,3,4,4,4,4,O,O
Intermediate,Computer Science,gpt-3-0-vanila,E4,2,3,3,3,3,O,O
Intermediate,Computer Science,gpt-3-0-vanila,E4,2,3,3,3,4,X,O
Advanced,Computer Science,gpt-3-0-vanila,E4,3,2,2,2,3,O,X
Advanced,Computer Science,gpt-3-0-vanila,E4,4,2,2,2,2,X,X
Advanced,Computer Science,gpt-3-0-vanila,E4,3,3,4,3,3,X,X
Advanced,Computer Science,gpt-3-0-vanila,E4,3,3,3,4,4,X,X
Advanced,Computer Science,gpt-3-0-vanila,E4,3,3,3,3,3,X,X
Elementary,Physics,gpt-3-0-vanila,E4,3,4,4,4,3,O,O
Elementary,Physics,gpt-3-0-vanila,E4,3,4,3,4,3,X,O
Elementary,Physics,gpt-3-0-vanila,E4,3,4,3,3,3,X,O
Elementary,Physics,gpt-3-0-vanila,E4,3,4,4,4,4,O,O
Elementary,Physics,gpt-3-0-vanila,E4,2,4,4,4,4,O,O
Intermediate,Physics,gpt-3-0-vanila,E4,3,3,4,3,4,X,X
Intermediate,Physics,gpt-3-0-vanila,E4,2,4,4,4,4,O,O
Intermediate,Physics,gpt-3-0-vanila,E4,3,4,4,4,4,X,X
Intermediate,Physics,gpt-3-0-vanila,E4,2,3,3,3,3,O,O
Intermediate,Physics,gpt-3-0-vanila,E4,2,3,3,3,4,X,X
Advanced,Physics,gpt-3-0-vanila,E4,3,2,2,2,3,O,X
Advanced,Physics,gpt-3-0-vanila,E4,4,2,2,2,2,X,X
Advanced,Physics,gpt-3-0-vanila,E4,3,3,4,3,3,X,X
Advanced,Physics,gpt-3-0-vanila,E4,3,3,3,4,4,X,X
Advanced,Physics,gpt-3-0-vanila,E4,3,3,3,3,3,X,X
Elementary,Astronomy,gpt-3-10-augmented,E4,3,4,4,4,3,O,O
Elementary,Astronomy,gpt-3-10-augmented,E4,3,4,3,4,3,X,O
Elementary,Astronomy,gpt-3-10-augmented,E4,3,4,3,3,3,X,O
Elementary,Astronomy,gpt-3-10-augmented,E4,3,4,4,4,4,O,O
Elementary,Astronomy,gpt-3-10-augmented,E4,2,4,4,4,4,O,O
Intermediate,Astronomy,gpt-3-10-augmented,E4,3,3,4,3,4,O,O
Intermediate,Astronomy,gpt-3-10-augmented,E4,2,4,4,4,4,O,O
Intermediate,Astronomy,gpt-3-10-augmented,E4,3,4,4,4,4,O,O
Intermediate,Astronomy,gpt-3-10-augmented,E4,2,3,3,3,3,O,O
Intermediate,Astronomy,gpt-3-10-augmented,E4,2,3,3,3,4,O,O
Advanced,Astronomy,gpt-3-10-augmented,E4,3,2,2,2,3,O,X
Advanced,Astronomy,gpt-3-10-augmented,E4,4,2,2,2,2,X,X
Advanced,Astronomy,gpt-3-10-augmented,E4,3,3,4,3,3,X,X
Advanced,Astronomy,gpt-3-10-augmented,E4,3,3,3,4,4,X,X
Advanced,Astronomy,gpt-3-10-augmented,E4,3,3,3,3,3,X,X
Elementary,Computer Science,gpt-3-10-augmented,E4,3,4,4,4,3,O,O
Elementary,Computer Science,gpt-3-10-augmented,E4,3,4,3,4,3,X,O
Elementary,Computer Science,gpt-3-10-augmented,E4,3,4,3,3,3,X,O
Elementary,Computer Science,gpt-3-10-augmented,E4,3,4,4,4,4,O,O
Elementary,Computer Science,gpt-3-10-augmented,E4,2,4,4,4,4,O,O
Intermediate,Computer Science,gpt-3-10-augmented,E4,3,3,4,3,4,O,O
Intermediate,Computer Science,gpt-3-10-augmented,E4,2,4,4,4,4,O,O
Intermediate,Computer Science,gpt-3-10-augmented,E4,3,4,4,4,4,O,O
Intermediate,Computer Science,gpt-3-10-augmented,E4,2,3,3,3,3,O,O
Intermediate,Computer Science,gpt-3-10-augmented,E4,2,3,3,3,4,O,O
Advanced,Computer Science,gpt-3-10-augmented,E4,3,2,2,2,3,O,X
Advanced,Computer Science,gpt-3-10-augmented,E4,4,2,2,2,2,X,X
Advanced,Computer Science,gpt-3-10-augmented,E4,3,3,4,3,3,O,O
Advanced,Computer Science,gpt-3-10-augmented,E4,3,3,3,4,4,O,X
Advanced,Computer Science,gpt-3-10-augmented,E4,3,3,3,3,3,O,O
Elementary,Physics,gpt-3-10-augmented,E4,3,4,4,4,3,O,O
Elementary,Physics,gpt-3-10-augmented,E4,3,4,3,4,3,X,O
Elementary,Physics,gpt-3-10-augmented,E4,3,4,3,3,3,X,O
Elementary,Physics,gpt-3-10-augmented,E4,3,4,4,4,4,O,O
Elementary,Physics,gpt-3-10-augmented,E4,2,4,4,4,4,O,O
Intermediate,Physics,gpt-3-10-augmented,E4,3,3,4,3,4,O,O
Intermediate,Physics,gpt-3-10-augmented,E4,2,4,4,4,4,O,O
Intermediate,Physics,gpt-3-10-augmented,E4,3,4,4,4,4,O,O
Intermediate,Physics,gpt-3-10-augmented,E4,2,3,3,3,3,O,O
Intermediate,Physics,gpt-3-10-augmented,E4,2,3,3,3,4,O,O
Advanced,Physics,gpt-3-10-augmented,E4,3,2,2,2,3,O,X
Advanced,Physics,gpt-3-10-augmented,E4,4,2,2,2,2,X,X
Advanced,Physics,gpt-3-10-augmented,E4,3,3,4,3,3,X,X
Advanced,Physics,gpt-3-10-augmented,E4,3,3,3,4,4,O,X
Advanced,Physics,gpt-3-10-augmented,E4,3,3,3,3,3,O,X
Elementary,Astronomy,gpt-3-10-vanila,E4,3,4,4,4,3,O,O
Elementary,Astronomy,gpt-3-10-vanila,E4,3,4,3,4,3,X,O
Elementary,Astronomy,gpt-3-10-vanila,E4,3,4,3,3,3,X,O
Elementary,Astronomy,gpt-3-10-vanila,E4,3,4,4,4,4,O,O
Elementary,Astronomy,gpt-3-10-vanila,E4,2,4,4,4,4,O,O
Intermediate,Astronomy,gpt-3-10-vanila,E4,3,3,4,3,4,O,O
Intermediate,Astronomy,gpt-3-10-vanila,E4,2,4,4,4,4,O,O
Intermediate,Astronomy,gpt-3-10-vanila,E4,3,4,4,4,4,O,O
Intermediate,Astronomy,gpt-3-10-vanila,E4,2,3,3,3,3,O,O
Intermediate,Astronomy,gpt-3-10-vanila,E4,2,3,3,3,4,O,O
Advanced,Astronomy,gpt-3-10-vanila,E4,3,2,2,2,3,O,X
Advanced,Astronomy,gpt-3-10-vanila,E4,4,2,2,2,2,X,X
Advanced,Astronomy,gpt-3-10-vanila,E4,3,3,4,3,3,X,X
Advanced,Astronomy,gpt-3-10-vanila,E4,3,3,3,4,4,O,X
Advanced,Astronomy,gpt-3-10-vanila,E4,3,3,3,3,3,O,X
Elementary,Computer Science,gpt-3-10-vanila,E4,3,4,4,4,3,O,O
Elementary,Computer Science,gpt-3-10-vanila,E4,3,4,3,4,3,X,O
Elementary,Computer Science,gpt-3-10-vanila,E4,3,4,3,3,3,X,O
Elementary,Computer Science,gpt-3-10-vanila,E4,3,4,4,4,4,O,O
Elementary,Computer Science,gpt-3-10-vanila,E4,2,4,4,4,4,O,O
Intermediate,Computer Science,gpt-3-10-vanila,E4,3,3,4,3,4,O,O
Intermediate,Computer Science,gpt-3-10-vanila,E4,2,4,4,4,4,O,O
Intermediate,Computer Science,gpt-3-10-vanila,E4,3,4,4,4,4,O,O
Intermediate,Computer Science,gpt-3-10-vanila,E4,2,3,3,3,3,O,O
Intermediate,Computer Science,gpt-3-10-vanila,E4,2,3,3,3,4,O,O
Advanced,Computer Science,gpt-3-10-vanila,E4,3,2,2,2,3,O,X
Advanced,Computer Science,gpt-3-10-vanila,E4,4,2,2,2,2,X,X
Advanced,Computer Science,gpt-3-10-vanila,E4,3,3,4,3,3,X,X
Advanced,Computer Science,gpt-3-10-vanila,E4,3,3,3,4,4,X,X
Advanced,Computer Science,gpt-3-10-vanila,E4,3,3,3,3,3,X,X
Elementary,Physics,gpt-3-10-vanila,E4,3,4,4,4,3,O,O
Elementary,Physics,gpt-3-10-vanila,E4,3,4,3,4,3,X,O
Elementary,Physics,gpt-3-10-vanila,E4,3,4,3,3,3,X,O
Elementary,Physics,gpt-3-10-vanila,E4,3,4,4,4,4,O,O
Elementary,Physics,gpt-3-10-vanila,E4,2,4,4,4,4,O,O
Intermediate,Physics,gpt-3-10-vanila,E4,3,3,4,3,4,O,O
Intermediate,Physics,gpt-3-10-vanila,E4,2,4,4,4,4,O,O
Intermediate,Physics,gpt-3-10-vanila,E4,3,4,4,4,4,O,O
Intermediate,Physics,gpt-3-10-vanila,E4,2,3,3,3,3,O,O
Intermediate,Physics,gpt-3-10-vanila,E4,2,3,3,3,4,O,O
Advanced,Physics,gpt-3-10-vanila,E4,3,2,2,2,3,O,X
Advanced,Physics,gpt-3-10-vanila,E4,4,2,2,2,2,O,X
Advanced,Physics,gpt-3-10-vanila,E4,3,3,4,3,3,X,X
Advanced,Physics,gpt-3-10-vanila,E4,3,3,3,4,4,O,X
Advanced,Physics,gpt-3-10-vanila,E4,3,3,3,3,3,O,X
Elementary,Astronomy,gpt-3-0-vanila,E6,2,4,3,3,3,x,x
Elementary,Astronomy,gpt-3-0-vanila,E6,3,3,4,3,3,x,x
Elementary,Astronomy,gpt-3-0-vanila,E6,4,4,2,2,1,o,x
Elementary,Astronomy,gpt-3-0-vanila,E6,4,3,2,2,1,x,x
Elementary,Astronomy,gpt-3-0-vanila,E6,3,3,3,3,3,x,x
Intermediate,Astronomy,gpt-3-0-vanila,E6,2,3,1,2,2,x,x
Intermediate,Astronomy,gpt-3-0-vanila,E6,1,1,1,1,1,x,x
Intermediate,Astronomy,gpt-3-0-vanila,E6,1,1,1,1,1,x,x
Intermediate,Astronomy,gpt-3-0-vanila,E6,1,1,1,1,1,x,x
Intermediate,Astronomy,gpt-3-0-vanila,E6,1,1,1,1,1,x,x
Advanced,Astronomy,gpt-3-0-vanila,E6,2,2,2,3,1,x,x
Advanced,Astronomy,gpt-3-0-vanila,E6,1,1,2,3,1,x,x
Advanced,Astronomy,gpt-3-0-vanila,E6,1,1,1,1,1,x,x
Advanced,Astronomy,gpt-3-0-vanila,E6,1,1,1,1,1,x,x
Advanced,Astronomy,gpt-3-0-vanila,E6,1,1,1,1,1,x,x
Elementary,Computer Science,gpt-3-0-vanila,E6,1,1,1,1,1,x,x
Elementary,Computer Science,gpt-3-0-vanila,E6,2,2,2,3,2,x,x
Elementary,Computer Science,gpt-3-0-vanila,E6,2,2,2,3,2,x,x
Elementary,Computer Science,gpt-3-0-vanila,E6,2,2,2,3,3,x,x
Elementary,Computer Science,gpt-3-0-vanila,E6,2,2,2,3,2,x,x
Intermediate,Computer Science,gpt-3-0-vanila,E6,3,4,4,3,5,o,x
Intermediate,Computer Science,gpt-3-0-vanila,E6,4,5,4,3,4,o,x
Intermediate,Computer Science,gpt-3-0-vanila,E6,4,5,4,4,4,o,x
Intermediate,Computer Science,gpt-3-0-vanila,E6,3,2,1,2,1,x,x
Intermediate,Computer Science,gpt-3-0-vanila,E6,1,3,3,3,3,x,x
Advanced,Computer Science,gpt-3-0-vanila,E6,4,4,1,2,1,x,x
Advanced,Computer Science,gpt-3-0-vanila,E6,2,2,2,2,1,x,x
Advanced,Computer Science,gpt-3-0-vanila,E6,2,1,1,1,1,x,x
Advanced,Computer Science,gpt-3-0-vanila,E6,2,1,1,1,1,x,x
Advanced,Computer Science,gpt-3-0-vanila,E6,2,1,1,3,1,x,x
Elementary,Physics,gpt-3-0-vanila,E6,2,2,2,4,1,x,x
Elementary,Physics,gpt-3-0-vanila,E6,1,1,1,1,1,x,x
Elementary,Physics,gpt-3-0-vanila,E6,1,1,1,1,1,x,x
Elementary,Physics,gpt-3-0-vanila,E6,1,1,1,1,1,x,x
Elementary,Physics,gpt-3-0-vanila,E6,4,4,2,4,2,x,x
Intermediate,Physics,gpt-3-0-vanila,E6,1,1,1,1,1,x,x
Intermediate,Physics,gpt-3-0-vanila,E6,1,1,1,1,1,x,x
Intermediate,Physics,gpt-3-0-vanila,E6,1,1,1,1,1,x,x
Intermediate,Physics,gpt-3-0-vanila,E6,1,1,1,1,1,x,x
Intermediate,Physics,gpt-3-0-vanila,E6,1,1,1,1,1,x,x
Advanced,Physics,gpt-3-0-vanila,E6,2,1,1,1,1,x,x
Advanced,Physics,gpt-3-0-vanila,E6,1,1,1,1,1,x,x
Advanced,Physics,gpt-3-0-vanila,E6,1,1,1,1,1,x,x
Advanced,Physics,gpt-3-0-vanila,E6,4,5,5,5,5,o,o
Advanced,Physics,gpt-3-0-vanila,E6,4,4,2,3,2,x,x
Elementary,Astronomy,gpt-3-10-augmented,E6,2,5,3,5,3,X,X
Elementary,Astronomy,gpt-3-10-augmented,E6,2,5,3,5,2,X,X
Elementary,Astronomy,gpt-3-10-augmented,E6,2,5,3,5,2,X,X
Elementary,Astronomy,gpt-3-10-augmented,E6,2,5,3,5,3,X,X
Elementary,Astronomy,gpt-3-10-augmented,E6,2,5,3,5,2,X,X
Intermediate,Astronomy,gpt-3-10-augmented,E6,1,1,1,1,1,X,X
Intermediate,Astronomy,gpt-3-10-augmented,E6,1,2,2,2,1,X,X
Intermediate,Astronomy,gpt-3-10-augmented,E6,2,3,4,4,3,X,X
Intermediate,Astronomy,gpt-3-10-augmented,E6,1,2,2,3,2,X,X
Intermediate,Astronomy,gpt-3-10-augmented,E6,1,2,2,3,3,X,X
Advanced,Astronomy,gpt-3-10-augmented,E6,2,1,2,2,2,X,X
Advanced,Astronomy,gpt-3-10-augmented,E6,4,4,4,5,5,X,O
Advanced,Astronomy,gpt-3-10-augmented,E6,2,1,1,2,1,X,X
Advanced,Astronomy,gpt-3-10-augmented,E6,2,1,1,2,2,X,X
Advanced,Astronomy,gpt-3-10-augmented,E6,2,1,2,4,1,X,X
Elementary,Computer Science,gpt-3-10-augmented,E6,4,4,3,3,2,x,x
Elementary,Computer Science,gpt-3-10-augmented,E6,2,2,1,2,1,x,x
Elementary,Computer Science,gpt-3-10-augmented,E6,3,4,4,4,4,o,x
Elementary,Computer Science,gpt-3-10-augmented,E6,2,4,4,4,4,o,x
Elementary,Computer Science,gpt-3-10-augmented,E6,2,5,5,4,4,o,x
Intermediate,Computer Science,gpt-3-10-augmented,E6,1,4,3,4,4,x,x
Intermediate,Computer Science,gpt-3-10-augmented,E6,1,1,1,1,1,x,x
Intermediate,Computer Science,gpt-3-10-augmented,E6,4,5,4,4,4,o,x
Intermediate,Computer Science,gpt-3-10-augmented,E6,4,4,4,4,4,o,x
Intermediate,Computer Science,gpt-3-10-augmented,E6,3,4,4,4,4,o,x
Advanced,Computer Science,gpt-3-10-augmented,E6,3,5,4,4,4,o,x
Advanced,Computer Science,gpt-3-10-augmented,E6,4,5,2,3,3,o,x
Advanced,Computer Science,gpt-3-10-augmented,E6,4,5,4,4,4,o,x
Advanced,Computer Science,gpt-3-10-augmented,E6,1,1,1,1,1,x,x
Advanced,Computer Science,gpt-3-10-augmented,E6,5,5,5,5,5,o,o
Elementary,Physics,gpt-3-10-augmented,E6,4,4,1,2,1,x,x
Elementary,Physics,gpt-3-10-augmented,E6,3,2,1,2,2,x,x
Elementary,Physics,gpt-3-10-augmented,E6,2,2,1,1,1,x,x
Elementary,Physics,gpt-3-10-augmented,E6,2,1,1,3,2,x,x
Elementary,Physics,gpt-3-10-augmented,E6,2,1,1,3,2,x,x
Intermediate,Physics,gpt-3-10-augmented,E6,2,1,2,3,3,x,x
Intermediate,Physics,gpt-3-10-augmented,E6,1,1,1,2,1,x,x
Intermediate,Physics,gpt-3-10-augmented,E6,3,2,4,3,2,o,x
Intermediate,Physics,gpt-3-10-augmented,E6,1,1,1,1,1,x,x
Intermediate,Physics,gpt-3-10-augmented,E6,3,3,3,3,2,x,x
Advanced,Physics,gpt-3-10-augmented,E6,2,1,1,2,1,x,x
Advanced,Physics,gpt-3-10-augmented,E6,3,2,2,2,1,x,x
Advanced,Physics,gpt-3-10-augmented,E6,2,1,1,2,1,x,x
Advanced,Physics,gpt-3-10-augmented,E6,2,1,1,1,1,x,x
Advanced,Physics,gpt-3-10-augmented,E6,2,1,1,1,1,x,x
Elementary,Astronomy,gpt-3-10-vanila,E6,2,3,2,3,3,x,x
Elementary,Astronomy,gpt-3-10-vanila,E6,2,3,2,3,3,x,x
Elementary,Astronomy,gpt-3-10-vanila,E6,2,3,2,3,3,x,x
Elementary,Astronomy,gpt-3-10-vanila,E6,2,3,2,3,3,x,x
Elementary,Astronomy,gpt-3-10-vanila,E6,2,3,2,3,3,x,x
Intermediate,Astronomy,gpt-3-10-vanila,E6,1,1,1,5,1,x,x
Intermediate,Astronomy,gpt-3-10-vanila,E6,1,1,1,5,1,x,x
Intermediate,Astronomy,gpt-3-10-vanila,E6,1,1,1,5,1,x,x
Intermediate,Astronomy,gpt-3-10-vanila,E6,1,1,2,2,1,x,x
Intermediate,Astronomy,gpt-3-10-vanila,E6,2,3,3,3,1,x,x
Advanced,Astronomy,gpt-3-10-vanila,E6,1,1,2,2,1,x,x
Advanced,Astronomy,gpt-3-10-vanila,E6,1,2,1,2,1,x,x
Advanced,Astronomy,gpt-3-10-vanila,E6,2,5,5,5,5,o,x
Advanced,Astronomy,gpt-3-10-vanila,E6,1,2,1,2,1,x,x
Advanced,Astronomy,gpt-3-10-vanila,E6,1,1,1,2,1,x,x
Elementary,Computer Science,gpt-3-10-vanila,E6,3,5,4,3,4,O,X
Elementary,Computer Science,gpt-3-10-vanila,E6,1,5,4,4,3,O,X
Elementary,Computer Science,gpt-3-10-vanila,E6,3,5,3,3,2,X,X
Elementary,Computer Science,gpt-3-10-vanila,E6,2,4,3,4,4,X,X
Elementary,Computer Science,gpt-3-10-vanila,E6,2,4,3,3,3,X,X
Intermediate,Computer Science,gpt-3-10-vanila,E6,3,5,2,2,3,X,X
Intermediate,Computer Science,gpt-3-10-vanila,E6,3,5,2,3,3,X,X
Intermediate,Computer Science,gpt-3-10-vanila,E6,3,5,2,2,2,X,X
Intermediate,Computer Science,gpt-3-10-vanila,E6,3,4,2,2,1,X,X
Intermediate,Computer Science,gpt-3-10-vanila,E6,1,1,2,1,1,X,X
Advanced,Computer Science,gpt-3-10-vanila,E6,4,5,3,3,3,O,X
Advanced,Computer Science,gpt-3-10-vanila,E6,4,5,2,2,1,X,X
Advanced,Computer Science,gpt-3-10-vanila,E6,1,2,4,3,3,X,X
Advanced,Computer Science,gpt-3-10-vanila,E6,1,2,4,3,3,X,X
Advanced,Computer Science,gpt-3-10-vanila,E6,4,5,4,5,5,O,X
Elementary,Physics,gpt-3-10-vanila,E6,5,5,5,5,5,o,o
Elementary,Physics,gpt-3-10-vanila,E6,3,3,2,1,1,x,x
Elementary,Physics,gpt-3-10-vanila,E6,3,3,2,1,1,x,x
Elementary,Physics,gpt-3-10-vanila,E6,3,3,2,1,1,x,x
Elementary,Physics,gpt-3-10-vanila,E6,4,2,3,4,2,x,x
Intermediate,Physics,gpt-3-10-vanila,E6,1,1,1,5,1,x,x
Intermediate,Physics,gpt-3-10-vanila,E6,1,1,1,5,1,x,x
Intermediate,Physics,gpt-3-10-vanila,E6,1,1,1,5,1,x,x
Intermediate,Physics,gpt-3-10-vanila,E6,2,1,3,3,3,x,x
Intermediate,Physics,gpt-3-10-vanila,E6,3,2,4,4,4,o,x
Advanced,Physics,gpt-3-10-vanila,E6,1,1,1,1,1,x,x
Advanced,Physics,gpt-3-10-vanila,E6,4,5,5,5,5,o,o
Advanced,Physics,gpt-3-10-vanila,E6,1,1,1,1,1,x,x
Advanced,Physics,gpt-3-10-vanila,E6,1,1,1,1,1,x,x
Advanced,Physics,gpt-3-10-vanila,E6,1,2,1,1,1,x,x